UltraScale+ Devices Integrated Block for PCI Express,DMA/Bridge Subsystem for PCI Express (XDMA IP/Driver),DMA/Bridge Subsystem for PCI Express (Bridge IP Endpoint),DMA/Bridge Subsystem for PCI Express (Bridge RootPort/Driver),QDMA Subsystem for PCIExpress (IP/Driver)
:ref:`ultrascale_integrated_block`,:ref:`xdma_pci_express`,:ref:`bridge_pci_express`,:ref:`bridge_rootport_pci_express`,:ref:`qdma_pci_express`
:ref:`ultrascale_debug_checklist`,:ref:`dma_bridge_xdma_ip_debug_checklist`,:ref:`dma_bridge_ip_debug_checklist`,:ref:`dma_bridge_rootport_debug_checklist`,:ref:`qdma_general_debug_checklist`
:ref:`ultrascale_faqs`,:ref:`dma_bridge_xdma_ip_faqs`,:ref:`dma_bridge_ip_issues_answers`,:ref:`dma_bridge_rootport_faqs`,:ref:`qdma_faqs`
:ref:`ultrascale_issues_answers`,:ref:`dma_bridge_xdma_ip_issues_answers`,:ref:`dma_bridge_ip_debug_tips_questions`,:ref:`dma_bridge_rootport_issues_answers`,:ref:`qdma_issues_answers`
:ref:`ultrascale_debug_tips_questions`,:ref:`dma_bridge_xdma_ip_debug_tips_questions`,:ref:`dma_bridge_ip_docs_debug_collaterals`,:ref:`dma_bridge_rootport_debug_tips_questions`,:ref:`qdma_debug_tips_questions`
:ref:`ultrascale_docs_debug_collaterals`,:ref:`dma_bridge_xdma_ip_docs_debug_collaterals`,:ref:`dma_bridge_ip_useful_links`,:ref:`dma_bridge_rootport_docs_debug_collaterals`,:ref:`qdma_docs_debug_collaterals`
:ref:`ultrascale_useful_links`,:ref:`dma_bridge_xdma_ip_useful_links`,:ref:`dma_bridge_ip_misc`,:ref:`dma_bridge_rootport_useful_links`,:ref:`qdma_useful_links`
:ref:`ultrascale_misc`,:ref:`dma_bridge_xdma_ip_misc`,:ref:`dma_bridge_ip_specific_issues`,:ref:`dma_bridge_rootport_misc`,:ref:`qdma_misc`
:ref:`ultrascale_specific_issues`,:ref:`dma_bridge_xdma_ip_specific_issues`,:ref:`dma_subsystem_bridge_endpoint_debug_gotchas`,:ref:`dma_bridge_rootport_specific_issues`,:ref:`qdma_specific_issues`
:ref:`ultrascale_plus_debug_gotchas`,:ref:`xdma_debug_gotchas`,,,:ref:`qdma_debug_gotchas`
,:ref:`dma_bridge_xdma_ip_performance_debug`,,,
