QDMA Data Transfer - 1 (for all modes),,,
H2C ST,C2H ST,H2C MM,C2H MM
:ref:`Check Global Error Registers <global_error_registers>`,:ref:`Check Global Error Registers <global_error_registers>`,:ref:`Check Global Error Registers <global_error_registers>`,:ref:`Check Global Error Registers <global_error_registers>`
:ref:`H2C ST Engine Error <st_h2c_engine_error>`,:ref:`C2H ST Engine Error <st_c2h_engine_error>`,:ref:`H2C MM Engine Error <mm_h2c_engine_error>`,:ref:`C2H MM Engine Error <mm_c2h_engine_error>`
:ref:`Review H2C ST Driver Flow <axi4-stream_h2c_flow>`,:ref:`Review C2H Exception Handling <handling_exception_events>`,:ref:`Reiview H2C MM Driver Flow <axi4_memory_mapped_h2c_flow>`,:ref:`Review C2H MM Driver Flow <axi4_memory_mapped_c2h_flow>`
:ref:`axi4-stream_h2c_port_descriptions`,:ref:`Review C2H ST Driver Flow <axi4-stream_c2h_flow>`,:ref:`axi4_memory_mapped_dma_read_interface_signals`,:ref:`axi4_memory_mapped_dma_write_interface_signals`
:ref:`Review C2H/H2C Queue Flow <h2c_and_c2h_queue>`,:ref:`axi4-stream_c2h_port_descriptions`,:ref:`Review C2H/H2C Queue Flow <h2c_and_c2h_queue>`,:ref:`Review C2H/H2C Queue Flow <h2c_and_c2h_queue>`
:ref:`qdma_descriptor_credit_input_port_descriptions`,:ref:`axi4-stream_c2h_completion_port_descriptions`,:ref:`qdma_descriptor_credit_input_port_descriptions`,:ref:`qdma_descriptor_credit_input_port_descriptions`
:ref:`qdma_tm_credit_output_port_descriptions`,:ref:`Review Completion Queue Flow <completion_queue_flow>`,:ref:`qdma_tm_credit_output_port_descriptions`,:ref:`qdma_tm_credit_output_port_descriptions`
:ref:`queue_status_ports`,:ref:`Review C2H/H2C Queue Flow <h2c_and_c2h_queue>`,:ref:`queue_status_ports`,:ref:`queue_status_ports`
:ref:`queue_status_data`,:ref:`Check AXI4 Stream Status Ports <axi-st_c2h_status_port_descriptions>`,:ref:`queue_status_data`,:ref:`queue_status_data`
,:ref:`qdma_descriptor_credit_input_port_descriptions`,,
,:ref:`qdma_tm_credit_output_port_descriptions`,,
,:ref:`queue_status_ports`,,
,:ref:`queue_status_data`,,
