S.No.,Title
1,`Demystifying PIPE interface packets using the in-built descrambler module in UltraScale+ Devices Integrated Block for PCI Express Gen3 <https://support.xilinx.com/s/article/980246?language=en_US>`_
2,`Debugging PCIe Issues using lspci and setpci <https://support.xilinx.com/s/article/1148199?language=en_US>`_
3,`Debugging PCI Express Link Training Issues with Integrated Debugging Features in the IP <https://support.xilinx.com/s/article/1097525?language=en_US>`_
4,`Debugging PCIe Issues Using Python <https://support.xilinx.com/s/article/1157469?language=en_US>`_
5,"`Debugging Versal ACAP Integrated Block for PCIe Express link issues using in-built """"PCIe Link Debug"""" feature <https://support.xilinx.com/s/article/1203707?language=en_US>`_"
6,`Understanding the new PL PCIE IP Generation flow for Versal ACAP Devices <https://support.xilinx.com/s/article/1215986?language=en_US>`_
7,`Debugging Versal ACAP CPM Mode for PCI Express Designs using Vivado ILA <https://support.xilinx.com/s/article/1218411?language=en_US>`_
8,`Register based debugging of Versal ACAP CPM Mode for PCI Express Designs <https://support.xilinx.com/s/article/1221922?language=en_US>`_
9,`Using the ILA Advanced Trigger Feature to debug designs with the Versal ACAP Integrated Block for PCI Express IP <https://support.xilinx.com/s/article/1260220?language=en_US>`_
10,`Reading the PCIe Configuration Space of the Versal ACAP Integrated Block for PCI Express through the Configuration Management Interface <https://support.xilinx.com/s/article/Reading-PCIe-Configuration-Space-of-Versal-ACAP-Integrated-Block-for-PCI-Express-through-Configuration-Management-Interface?language=en_US>`_
11,`Monitoring the Configuration Status Interface of the Versal ACAP Integrated Block for PCI Express using a custom debug IP <https://support.xilinx.com/s/article/Monitoring-Configuration-Status-Interface-of-Versal-ACAP-Integrated-Block-for-PCI-Express-using-custom-debug-IP?language=en_US>`_
12,`In-built Debug Features in Versal ACAP Xilinx PCI Express IPs <https://support.xilinx.com/s/article/In-built-Debug-Features-in-Versal-ACAP-Xilinx-PCI-Express-IPs?language=en_US>`_
13,`Using dmesg to debug Xilinx PCI Express Driver related design issues <https://support.xilinx.com/s/article/000033713?language=en_US>`_
14,`Running the Versal ACAP CPM4 PCIE GEN4x8 QDMA CED Example Design <https://support.xilinx.com/s/article/000033892?language=en_US>`_
15,`DMA Subsystem for PCI Express (XDMA) - AXI Memory Mapped H2C Default Example Design Analysis <https://support.xilinx.com/s/article/000034166>`_
16,`Correctable Error Message Generation through AER mechanism in Versal ACAP Integrated Block for PCI Express Example Design Simulation <https://support.xilinx.com/s/article/Correctable-Error-Message-Generation-through-AER-mechanism-in-Versal-ACAP-Integrated-Block-for-PCI-Express-Example-Design-Simulation?language=en_US>`_
17,`Verifying Versal ACAP PCIe Memory Write / Memory Read / Completion Transactions <https://support.xilinx.com/s/article/000034419?language=en_US>`_
18,`Running the 'Versal CPM Tandem PCIe' CED Example Design on a VPK120 Development Board <https://support.xilinx.com/s/article/000034563?language=en_US>`_
19,`Generating a PL PCIE based QDMA Subsystem for PCI Express in the AXI Bridge Mode Endpoint Example Design using the Versal ACAP CPM Mode for PCI Express IP with Modular Architecture Flow for a VPK120 Development Board <https://support.xilinx.com/s/article/000034590?language=en_US>`_
20,`Running the Versal ACAP CPM5 PCIE Gen4x8 QDMA CED Example Design <https://support.xilinx.com/s/article/000034687?language=en_US>`_
21,`Running the Versal QDMA Subsystem for PCI Express IP Example Design Simulation in Questa Advanced Simulator <https://support.xilinx.com/s/article/000035090?language=en_US>`_
22,`Queue DMA Subsystem for PCI Express (QDMA) Performance Tuning General Guidelines <https://support.xilinx.com/s/article/000035142?language=en_US>`_
23,`How to Compile the DPDK Driver and Run the QDMA Test App on a VPK120 Versal Development Board: A Step-by-Step Guide with Screenshots <https://support.xilinx.com/s/article/000035131?language=en_US>`_
24,`Generating User MSI-X Interrupts in the QDMA Subsystem for PL PCIE4 and PL PCIE5 Example Design Simulation <https://support.xilinx.com/s/article/000035649?language=en_US>`_
25,`Flow Control Credit Signal Analysis in the Versal Adaptive SoC Integrated Block for PCI Express LogiCORE IP <https://support.xilinx.com/s/article/000035485?language=en_US>`_
26,`Demystifying the Lane Reversal Requirement in Versal Adaptive SoC CPM Mode for PCIe IP <https://support.xilinx.com/s/article/000035567?language=en_US>`_
27,`Deep Dive into Versal ACAP QDMA Subsystem for PL PCIE4 and PL PCIE5 Descriptor Bypass In/Out Loopback Example Design <https://support.xilinx.com/s/article/000035427?language=en_US>`_
28,`Versal ACAP Integrated Block for PCI Express Example Design Simulation <https://support.xilinx.com/s/article/000034904?language=en_US>`_
29,`Demystifying Host Profile Context Programming in the QDMA Subsystem for CPM5 <https://support.xilinx.com/s/article/000035811?language=en_US>`_
30,`Understanding the "Versal CPM PCIE PIO EP Design" CED Example in Vivado 2023.2 <https://support.xilinx.com/s/article/000035901?language=en_US>`_
31,`Deciphering the PIDX Update Mechanism in a QDMA Subsystem for CPM5 <https://support.xilinx.com/s/article/Deciphering-PIDX-Update-Mechanism-in-QDMA-Subsystem-for-PCI-Express?language=en_US>`_
32,`Understanding FLR in the QDMA Subsystem for PCI Express IP: Troubleshooting and Analysis <https://support.xilinx.com/s/article/000036350?language=en_US>`_
33,`Modifying UltraScale Gen3 Integrated Block for PCI Express Example Design to Simulate Vendor Defined Messages <https://support.xilinx.com/s/article/000036476?language=en_US>`_
34,`Illustrating CPM4 QDMA Bridge Slave Mode AXI to PCIe Address Translation in Simulation <https://support.xilinx.com/s/article/000036349?language=en_US>`_
35,`Simulating Marker Response Mechanism with Versal Adaptive SoC DMA and Bridge Subsystem for PCI Express Example Design <https://support.xilinx.com/s/article/000036441?language=en_US>`_
36,`Understanding Versal CPM CED QDMA Example Design Simulation <https://support.xilinx.com/s/article/000036469?language=en_US>`_
37,`Understanding the "Versal CPM5 QDMA Gen4x8 ST Only Performance Design" CED Example in Vivado 2024.1 <https://support.xilinx.com/s/article/Understanding-the-Versal-CPM5-QDMA-Gen4x8-ST-Only-Performance-Design-CED-Example-in-Vivado-2023-2?language=en_US>`_
38,`Demystifying CPM5 BDF Table programming for Slave Bridge Address Translation for AXI addresses <https://support.xilinx.com/s/article/Demystifying-CPM5-BDF-Table-programming-for-Slave-Bridge-Address-Translations-for-AXI-address?language=en_US>`_
39,`Generating User MSI-X Interrupts for Four Physical Functions in Vivado 2024.1 Using the CPM5 QDMA Simulation CED Example <https://adaptivesupport.amd.com/s/article/000036770?language=en_US>`_
40,`GUI-Based Versal Adaptive SoC CPM Debugger using ChipScoPy <https://adaptivesupport.amd.com/s/article/000036772?language=en_US>`_
41,`Understanding the Vivado CED Example Design - Versal Adaptive SoC CPM5 PCIe BMD Simulation Design <https://adaptivesupport.amd.com/s/article/Understanding-the-Vivado-CED-Example-Design-Versal-Adaptive-SoC-CPM5-PCIE-BMD-Simulation-Design?language=en_US>`_
