Description ,URL
Download QDMA Driver,https://github.com/Xilinx/dma_ip_drivers
QDMA Documentation,https://xilinx.github.io/dma_ip_drivers/
Queue DMA subsystem for PCI Express (PCIe) - Release Notes and Known Issues for Vivado 2018.1 and newer tool versions,https://www.xilinx.com/support/answers/70927.html
Queue DMA subsystem for PCI Express (PCIe) [Vivado 2020.1] - v3.0 to v4.0 Migration Guide,https://www.xilinx.com/support/answers/75234.html
Queue DMA subsystem for PCI Express (PCIe) - Performance Report,https://www.xilinx.com/support/answers/71453.html
QDMA Debug File System Support, https://xilinx.github.io/dma_ip_drivers/master/QDMA/linux-kernel/html/debugfs.html
Debug Information on “DMA/Bridge Subsystem for PCI Express” and “Queue DMA Subsystem for PCI Express” for Versal ACAP Devices, https://support.xilinx.com/s/article/000033516?language=en_US
Debug Information on "QDMA/XDMA/AXI Bridge Subsystem for CPM4 PCIE Controller 0", https://support.xilinx.com/s/article/000033539?language=en_US
Migration Guide for "DMA/Bridge Subsystem for PCI Express" and "Queue DMA Subsystem for PCI Express" from UltraScale+ to Versal ACAP devices, https://support.xilinx.com/s/article/000033502?language=en_US
Migration Guide for UltraScale+ Devices DMA/Bridge Subsystems for PCI Express to Versal ACAP DMA/AXI Bridge Subsystem for PL PCIE5, https://support.xilinx.com/s/article/000033503?language=en_US
Migration Guide [Vivado 2021.2] - QDMA/AXI Bridge 4.0 Soft IP to Versal CPM4 QDMA/AXI Bridge Hard IP, https://support.xilinx.com/s/article/33054?language=en_US